<?xml version="1.0" encoding="UTF-8"?>
<project-private xmlns="http://www.netbeans.org/ns/project-private/1">
    <editor-bookmarks xmlns="http://www.netbeans.org/ns/editor-bookmarks/2" lastBookmarkId="1">
        <file>
            <url>src/java/Control/ClienteController.java</url>
            <bookmark id="1">
                <name/>
                <line>0</line>
                <key/>
            </bookmark>
        </file>
    </editor-bookmarks>
    <open-files xmlns="http://www.netbeans.org/ns/projectui-open-files/2">
        <group>
            <file>file:/C:/Users/Nowll/Documents/DevWebFinal/web/tableFuncionario.jsp</file>
            <file>file:/C:/Users/Nowll/Documents/DevWebFinal/web/Mensagem.jsp</file>
            <file>file:/C:/Users/Nowll/Documents/DevWebFinal/web/funcionario_add.jsp</file>
            <file>file:/C:/Users/Nowll/Documents/DevWebFinal/src/java/App/Funcionario.java</file>
            <file>file:/C:/Users/Nowll/Documents/DevWebFinal/src/java/Control/FuncionarioController.java</file>
            <file>file:/C:/Users/Nowll/Documents/DevWebFinal/src/java/Model/FuncionarioDAO.java</file>
            <file>file:/C:/Users/Nowll/Documents/DevWebFinal/src/java/Model/ProdutoDAO.java</file>
        </group>
    </open-files>
</project-private>
